PRODACTION_DATE,SERIALID,KIND,MAINTENANCE_ID
04/16/1989,18600,helicopter,0
12/03/1982,23145,plane,1
12/10/1978,57908,plane,0
08/22/2012,59036,plane,1
08/07/2016,69899,plane,0
03/19/2019,63889,helicopter,0
07/05/1988,53716,helicopter,0
03/07/2005,55327,plane,1
12/24/2007,36935,helicopter,0
03/06/1999,40610,plane,0
01/11/2000,61209,plane,1
08/13/1976,97037,plane,0
05/11/2004,82193,plane,1
08/24/2019,73869,plane,1
06/12/1993,78542,plane,0
10/19/2004,77409,helicopter,1
03/02/1972,72960,plane,0
06/09/2004,90496,helicopter,0
02/24/1980,71113,plane,1
04/13/1971,72957,plane,0
09/15/2008,18851,helicopter,1
04/22/1978,81805,helicopter,1
10/15/2008,85491,plane,1
01/21/1979,59833,helicopter,1
11/04/2009,69810,helicopter,1
12/18/1994,19389,plane,0
08/05/1976,31285,helicopter,0
01/17/1975,35381,helicopter,1
10/11/1982,88824,plane,1
09/18/1979,75522,helicopter,0
04/13/2010,62740,helicopter,0
09/20/2000,67998,helicopter,0
09/10/1986,56202,plane,1
01/21/1996,62304,helicopter,0
04/28/2009,72484,helicopter,0
09/10/2003,33784,helicopter,0
03/30/1981,71800,plane,1
04/16/1985,33103,helicopter,0
03/01/1985,84038,helicopter,1
11/15/1976,23534,helicopter,0
09/18/2016,72902,plane,1
03/03/1981,61121,helicopter,0
12/12/1993,45638,plane,1
07/04/1971,45592,helicopter,0
11/08/1997,21438,plane,0
10/12/2013,38292,helicopter,0
06/25/1970,63169,helicopter,1
02/28/1979,25968,helicopter,0
03/09/1987,68010,plane,0
07/03/1970,56216,plane,1
12/13/2005,34019,helicopter,1
08/06/1985,32671,plane,1
07/21/1987,23595,plane,0
09/17/1977,13227,helicopter,1
05/09/1983,62620,plane,0
08/23/2017,49747,plane,0
04/19/2002,21539,plane,0
02/11/2014,55977,helicopter,1
02/07/1974,85101,helicopter,1
03/20/1975,64786,helicopter,0
03/17/1991,29952,plane,0
09/28/2005,77102,helicopter,1
01/12/1990,81358,helicopter,1
12/29/1982,89792,helicopter,1
05/04/1971,59586,plane,1
07/09/1975,15236,helicopter,0
08/27/1985,62730,helicopter,0
04/26/2002,83330,helicopter,1
05/19/1997,67568,helicopter,1
01/19/2019,86151,helicopter,1
04/09/1982,66678,helicopter,0
06/09/2019,19357,helicopter,0
10/01/1997,86924,plane,0
06/25/2006,16738,helicopter,0
11/22/1970,26519,helicopter,0
10/21/1984,99477,plane,1
03/09/1972,13725,plane,1
12/01/2008,67128,helicopter,1
12/08/2009,57647,plane,1
09/11/1984,39312,helicopter,0
10/25/1997,69292,helicopter,0
07/07/1971,25722,helicopter,0
05/11/1995,12228,plane,1
08/11/2014,20982,plane,1
07/28/2006,42699,plane,0
02/19/2017,21723,helicopter,1
07/30/2011,32671,plane,0
08/20/1971,23333,helicopter,1
04/30/2013,56271,plane,1
07/04/1996,98372,plane,1
10/31/1973,97280,helicopter,1
10/13/1991,38101,plane,1
05/09/1982,57785,plane,0
03/02/2018,80201,plane,1
12/26/1982,34069,helicopter,1
10/22/1992,56021,helicopter,1
04/06/2010,27471,plane,1
04/20/1976,32194,helicopter,0
07/08/1981,21020,plane,0
01/16/1993,23515,helicopter,0
08/11/1999,27676,helicopter,0
07/13/2016,13787,plane,1
02/13/1979,98430,helicopter,0
07/13/1982,66675,plane,0
07/15/2013,47200,helicopter,0
04/19/2005,87453,helicopter,1
06/27/1973,44032,helicopter,0
08/08/2009,45391,helicopter,0
08/07/1998,59610,helicopter,0
11/10/1994,54612,plane,1
06/20/2010,29507,plane,0
05/05/1994,37188,plane,0
09/15/1979,64423,helicopter,0
04/16/1994,16579,helicopter,1
08/24/1987,64691,plane,0
05/31/1973,17020,plane,0
12/08/1985,58768,plane,0
06/19/2015,20373,plane,0
03/10/1979,82994,plane,0
10/15/1985,54549,helicopter,0
12/05/1983,13690,helicopter,1
08/25/1979,83609,plane,0
12/09/2013,56086,plane,0
08/23/1991,24207,helicopter,1
11/12/1989,61277,plane,0
09/23/1981,58820,helicopter,0
02/04/2006,44458,helicopter,1
06/25/1992,40993,helicopter,1
01/30/1971,12543,helicopter,0
05/18/1995,80430,helicopter,0
08/23/1975,98142,helicopter,0
09/28/1991,89080,plane,0
12/02/2012,13135,plane,1
05/20/1980,52837,helicopter,1
02/25/2009,24728,plane,0
07/07/2015,76201,plane,0
03/05/1986,81683,plane,1
07/25/1999,79854,helicopter,1
12/02/1984,73061,helicopter,0
11/01/2017,80296,helicopter,1
10/29/1992,27793,plane,1
10/22/1970,31349,plane,1
11/20/1988,65203,helicopter,0
01/17/1991,72090,helicopter,1
09/06/2005,66732,plane,1
12/29/2019,94478,helicopter,0
08/23/2014,47474,helicopter,1
11/25/1986,65105,plane,0
08/24/2012,37243,helicopter,1
10/01/1981,67948,plane,0
06/14/1991,36132,plane,0
06/04/1997,88964,plane,1
08/10/2002,15789,plane,1
05/17/1997,43734,helicopter,1
04/28/1975,62053,plane,0
08/22/2014,48054,helicopter,0
01/22/2005,47519,plane,0
08/21/2003,93693,plane,1
08/27/1979,28128,plane,0
06/04/2000,29101,helicopter,0
10/06/2001,30486,helicopter,0
01/20/1990,38996,plane,1
10/19/2015,42185,plane,0
01/15/1989,32069,plane,1
04/28/1989,33902,plane,0
04/29/1972,54230,helicopter,1
04/18/1975,31044,plane,0
05/13/2012,59019,plane,1
10/10/2002,48326,plane,0
06/19/2003,50484,helicopter,0
11/16/1988,97967,helicopter,0
12/11/1978,52243,plane,1
06/17/1995,89080,plane,1
05/25/2002,47530,plane,1
10/25/2019,90997,plane,1
05/24/1970,64851,plane,1
09/29/1977,60221,helicopter,1
10/12/2005,50931,helicopter,1
12/02/2012,84733,helicopter,1
05/14/1971,21953,plane,0
07/23/1999,70340,helicopter,1
12/10/2019,12860,helicopter,0
10/04/2017,38691,plane,0
12/25/2018,46007,plane,1
12/04/2006,32726,plane,0
11/12/1990,95103,helicopter,1
05/02/1978,50624,helicopter,0
12/05/1981,99668,helicopter,0
07/01/1973,49392,helicopter,1
04/10/1984,42249,plane,1
09/03/1978,60217,helicopter,0
02/03/1998,87251,helicopter,1
03/06/1988,34104,helicopter,1
06/09/2003,62723,plane,1
06/28/1987,65791,helicopter,0
06/28/2014,47067,plane,0
12/02/1996,21896,helicopter,0
03/20/2007,11983,helicopter,0
07/05/1982,96315,plane,0
03/15/1992,91535,helicopter,0
04/24/1982,53719,plane,0
02/24/1993,15746,plane,0
06/17/2004,85170,plane,1
10/26/1985,33175,helicopter,1
08/09/1989,23130,plane,0
11/03/2001,55589,plane,0
12/24/1988,13296,helicopter,0
12/19/2016,33632,helicopter,1
01/01/2010,40244,helicopter,0
04/03/2008,35153,plane,1
05/16/1979,94503,helicopter,0
06/16/1975,21363,plane,1
10/09/2002,60737,plane,0
05/01/1990,20440,helicopter,0
03/03/1998,14204,helicopter,0
07/09/1973,69671,plane,1
10/26/1978,79770,helicopter,0
11/18/1991,29418,plane,0
11/09/1992,32574,helicopter,0
09/02/1975,75443,helicopter,0
11/02/1984,20148,helicopter,1
05/10/2005,78783,plane,1
04/25/1979,20427,plane,1
01/26/1990,35982,helicopter,0
03/21/1975,46885,plane,1
09/30/1980,16779,helicopter,1
12/22/1990,66143,helicopter,1
06/10/1986,40091,plane,0
09/27/1996,52202,plane,1
11/06/2015,58900,helicopter,0
04/15/2009,35785,plane,0
01/06/1992,50406,helicopter,0
08/13/2001,67062,helicopter,1
01/22/1979,99131,plane,1
12/20/2014,51107,plane,1
04/04/2015,98068,helicopter,0
12/16/1980,13626,helicopter,0
02/14/1975,49810,helicopter,0
01/15/1990,22175,helicopter,0
12/20/1982,94825,plane,0
10/01/1979,85035,plane,1
12/09/2015,71852,plane,0
02/27/2001,34208,helicopter,0
12/20/1988,83767,plane,1
07/14/2012,13650,helicopter,0
03/18/1981,11116,plane,1
06/06/1982,32472,plane,1
07/02/1989,83552,plane,0
09/01/2016,14313,plane,0
12/15/1997,80402,plane,1
11/13/1977,30423,plane,1
02/15/2009,80328,plane,0
11/30/2016,64875,helicopter,0
06/30/2008,12832,plane,1
04/05/2018,48598,plane,0
09/14/1984,15374,helicopter,0
07/06/2003,77531,helicopter,1
08/17/2006,98418,helicopter,0
07/10/1994,74321,helicopter,1
04/13/2007,81432,plane,1
09/30/2012,73699,helicopter,0
08/15/2010,51663,plane,0
05/11/1984,52352,helicopter,0
04/14/1992,54701,plane,0
01/04/2000,93479,plane,1
10/24/1999,89521,plane,1
11/27/1985,75595,helicopter,0
09/30/2008,72263,helicopter,1
06/15/1974,20315,helicopter,0
08/09/1983,50133,plane,1
06/09/1988,47809,plane,0
11/27/2011,40262,helicopter,1
06/20/1973,55664,helicopter,0
01/05/2006,65065,plane,1
04/09/2007,66830,plane,0
07/12/2006,54868,helicopter,1
09/23/1997,50077,helicopter,0
03/05/2004,55399,plane,1
12/27/2000,54794,helicopter,1
01/20/1998,50984,plane,1
04/08/2012,49071,plane,1
02/09/1996,32202,helicopter,1
03/20/1991,76048,helicopter,1
04/21/2009,35564,helicopter,1
09/21/1991,35881,plane,1
06/06/1984,66644,helicopter,1
11/17/1976,17666,helicopter,1
01/16/1973,36486,helicopter,0
11/14/2009,95383,helicopter,1
03/16/1975,26763,helicopter,0
02/07/1994,80417,helicopter,0
01/21/1995,13885,helicopter,0
06/04/2016,32183,plane,0
05/15/2000,33102,plane,1
06/23/1997,85978,helicopter,1
01/06/1990,25648,plane,0
05/11/1991,91662,helicopter,0
08/30/1982,70352,helicopter,1
12/17/1996,50799,helicopter,1
10/06/1998,86605,helicopter,0
07/28/2013,39682,helicopter,1
10/18/1981,12666,helicopter,1
09/14/1990,30088,helicopter,1
06/11/2002,96858,plane,0
09/10/2001,51765,plane,1
08/14/1987,50483,helicopter,0
01/09/1977,90614,plane,0
01/17/1984,69167,plane,1
09/17/1989,21706,plane,1
11/12/1981,59288,plane,0
11/28/1975,75651,helicopter,1
11/25/2018,88657,helicopter,0
09/15/1996,33549,plane,1
03/06/2016,22593,plane,0
08/30/2019,53788,plane,0
06/13/1996,44616,plane,1
11/28/1979,41113,plane,1
11/16/1999,86184,helicopter,1
08/25/2019,45218,plane,0
05/14/1995,35531,helicopter,1
05/28/2006,55464,plane,1
05/11/1998,62109,helicopter,0
08/22/1975,19967,plane,1
06/28/2002,90491,helicopter,0
05/11/1996,14408,plane,0
07/08/1986,65035,helicopter,0
10/01/2009,75591,plane,1
09/07/1994,77365,helicopter,0
12/22/1976,39223,helicopter,1
10/02/1975,40266,helicopter,1
03/03/2011,34241,plane,1
10/01/2000,88724,helicopter,0
06/21/2002,76111,helicopter,0
02/06/1974,25212,helicopter,0
09/26/2003,93452,helicopter,1
11/18/1986,26849,helicopter,0
08/26/1986,70245,plane,1
04/25/1998,78259,plane,1
06/30/1994,32763,helicopter,0
06/18/1986,22531,helicopter,0
09/16/1980,78531,plane,1
10/06/1975,83056,helicopter,1
09/27/1997,48524,plane,1
10/03/1982,17330,plane,1
08/29/2016,94578,helicopter,1
04/02/2013,97522,plane,1
11/09/1997,54309,helicopter,1
11/25/2014,43516,plane,0
09/17/1985,68674,helicopter,1
09/03/2010,31945,plane,1
05/21/2014,99479,helicopter,0
03/18/1993,33870,plane,1
12/06/2012,49339,plane,0
02/17/2004,71302,helicopter,0
12/07/1998,42386,plane,1
05/29/2010,64827,plane,1
08/04/2018,24561,helicopter,0
02/09/1973,72187,plane,0
05/29/2017,54128,plane,0
06/30/1985,27327,helicopter,1
02/01/1973,22655,plane,0
08/10/2001,65445,plane,1
10/31/1996,68258,plane,1
10/17/1993,31236,helicopter,0
05/02/2005,14429,helicopter,0
01/11/2019,11693,helicopter,0
05/01/1978,85478,helicopter,1
03/29/1974,76093,plane,0
11/30/1999,16681,helicopter,1
10/24/1971,56594,helicopter,0
04/02/1983,14610,helicopter,1
02/25/1979,34954,helicopter,0
05/20/1992,30945,helicopter,0
03/16/1978,36930,plane,1
12/28/2004,47414,plane,0
10/14/1974,54549,helicopter,0
09/15/2014,80809,plane,1
07/27/2008,61323,helicopter,0
11/17/2015,44312,helicopter,0
03/12/2005,89746,helicopter,0
01/05/2006,72472,helicopter,1
06/29/2014,85620,helicopter,0
10/17/1971,63830,helicopter,0
10/12/2013,56932,helicopter,1
12/23/1979,32521,plane,0
05/26/1983,22184,helicopter,1
06/16/1993,80770,plane,1
11/09/1984,42330,plane,0
08/19/2015,24263,plane,0
06/02/1972,56135,plane,0
09/19/1990,98411,helicopter,1
05/22/1979,26184,plane,0
11/15/1984,63709,helicopter,0
02/11/1980,78985,helicopter,0
12/25/1971,75138,helicopter,0
02/01/1981,51607,plane,1
02/08/1973,99047,helicopter,1
11/12/2008,67050,plane,0
11/30/1988,79030,plane,0
06/25/1973,54216,plane,0
10/01/1996,17896,plane,1
03/12/2009,68003,plane,1
05/22/1973,25074,helicopter,1
09/20/1998,60647,helicopter,1
09/13/1994,68611,helicopter,1
09/19/1990,25842,helicopter,0
05/14/1990,65902,plane,0
12/22/1976,52553,plane,0
07/05/2015,56296,helicopter,1
10/25/1992,38853,helicopter,0
08/09/1985,95262,helicopter,0
07/02/1994,73848,helicopter,1
03/21/1982,92115,helicopter,1
12/21/2015,65414,plane,1
09/18/1974,96900,plane,0
12/23/1982,57335,plane,1
03/07/1988,49626,plane,1
09/17/2009,67243,helicopter,0
06/18/2017,73918,plane,1
05/26/1994,58315,helicopter,0
04/10/1978,25343,helicopter,0
09/19/2017,47361,helicopter,1
01/01/2014,28756,plane,1
03/10/1983,91053,plane,1
03/12/1993,70749,helicopter,0
12/05/1997,58480,plane,1
08/24/2001,63217,plane,1
08/11/2018,40961,plane,1
12/25/1990,61099,helicopter,1
11/27/1971,22968,helicopter,1
07/02/1990,14715,helicopter,1
03/19/2000,87882,helicopter,1
10/01/1985,29946,helicopter,1
11/14/1985,39354,helicopter,1
10/14/1972,61106,plane,1
04/29/1980,68378,plane,1
12/09/1984,32537,plane,1
09/01/1988,99627,plane,1
03/08/2016,55639,helicopter,0
09/18/2008,83111,helicopter,0
06/12/2010,65518,plane,1
07/27/2005,63760,helicopter,0
01/04/1999,34071,plane,0
01/21/2013,60825,plane,1
08/10/2008,35523,helicopter,0
08/13/1973,53744,helicopter,0
07/24/1992,99602,helicopter,1
09/19/1990,60249,helicopter,0
02/01/1979,72803,plane,1
11/28/1997,80824,plane,0
09/18/1977,37197,plane,0
11/26/1994,64384,helicopter,0
01/29/2019,93666,helicopter,0
04/05/2016,90551,helicopter,0
12/13/2001,41216,plane,0
03/11/2013,35091,helicopter,1
11/08/2011,33090,helicopter,0
10/31/1980,14866,helicopter,1
06/10/1983,26346,plane,1
11/05/2009,49926,plane,0
11/06/1980,97693,helicopter,1
04/22/1999,75465,plane,1
06/15/1975,79893,plane,1
02/21/1992,18511,helicopter,0
04/10/1996,52786,helicopter,1
12/15/1984,63547,helicopter,1
03/20/1989,62672,plane,0
03/11/1987,62077,helicopter,1
01/17/1974,35615,plane,1
04/06/1981,28235,helicopter,0
07/02/1990,79011,plane,1
04/15/1993,60654,plane,0
11/27/2018,60349,helicopter,1
08/19/1984,61147,helicopter,1
04/19/1989,97692,plane,1
02/19/2013,67549,plane,1
12/12/2016,89106,plane,1
08/07/1983,17199,helicopter,0
09/07/1989,27251,plane,1
09/11/2003,46716,helicopter,0
10/21/2007,64551,plane,0
06/16/1986,83988,helicopter,1
08/02/2003,74609,plane,0
04/17/1975,39170,plane,1
04/06/1999,45737,plane,0
11/08/1992,32400,plane,0
03/26/1991,73744,plane,1
06/28/1990,67907,helicopter,1
10/23/1981,48253,helicopter,1
09/29/1976,56694,helicopter,1
07/10/1994,18401,helicopter,1
02/28/1976,27485,plane,1
04/07/1992,18049,plane,0
04/25/1985,81671,helicopter,1
08/14/1973,25816,plane,1
06/21/1999,40437,plane,1
12/24/1995,57097,plane,1
10/02/1987,13996,helicopter,0
03/25/1993,97876,plane,1
09/30/2012,86559,plane,0
11/16/2010,25520,plane,0
04/13/2000,84824,plane,0
05/30/2015,98134,plane,0
02/27/2003,19871,helicopter,0
09/19/2002,93645,plane,1
04/29/2010,57907,helicopter,0
12/14/2008,66025,helicopter,1
04/12/1996,26203,plane,1
01/05/2006,75355,plane,0
01/09/1972,18112,plane,1
01/30/2006,49948,plane,0
01/25/1997,75378,helicopter,0
01/24/1989,88936,plane,0
08/19/2006,44755,plane,0
05/09/2004,47107,helicopter,0
05/20/1992,79347,plane,0
04/15/1981,25994,helicopter,1
12/24/2003,40259,helicopter,1
12/13/1981,22506,helicopter,0
07/31/1973,86254,plane,0
01/11/2001,22285,plane,1
02/07/1978,35689,plane,1
04/06/1990,48164,helicopter,0
03/12/1986,45948,plane,1
10/01/1995,32272,plane,1
04/27/1989,19376,helicopter,1
03/15/1981,48393,helicopter,1
09/20/1999,15827,plane,0
05/08/2010,13876,helicopter,1
06/18/1999,15448,helicopter,0
02/22/2019,25411,plane,1
02/20/1981,90322,plane,0
09/27/2007,69327,plane,0
01/10/2014,64317,plane,0
05/22/2013,26620,helicopter,0
01/14/1989,67849,helicopter,0
02/09/2008,68389,plane,0
06/12/1989,54313,helicopter,1
10/18/1981,94054,plane,1
05/02/1974,47730,helicopter,1
12/06/1989,13014,plane,1
08/28/1995,31392,helicopter,1
04/18/2003,70215,helicopter,1
08/11/1971,72537,helicopter,0
07/03/2013,68314,helicopter,0
09/23/2004,66885,helicopter,0
09/30/2007,47345,plane,0
11/28/2013,62119,plane,0
09/29/1988,62226,helicopter,1
12/08/1993,72979,helicopter,1
07/19/1983,86918,helicopter,0
04/01/2013,87456,helicopter,0
02/21/1977,76623,plane,1
12/11/1990,85022,helicopter,1
04/19/2015,77631,helicopter,1
04/16/1997,68145,helicopter,0
07/15/1991,34743,plane,0
10/12/1988,36763,helicopter,0
12/12/2015,61540,helicopter,1
03/30/1998,68454,helicopter,1
05/12/1995,98801,helicopter,0
04/15/1989,21932,helicopter,0
01/10/1982,70727,helicopter,0
04/19/1984,73331,helicopter,0
09/09/1982,96485,plane,0
01/28/2013,72936,helicopter,1
06/21/1995,65907,plane,1
08/13/2000,76673,plane,0
08/25/2006,25208,plane,1
10/17/1979,49408,helicopter,0
02/12/2014,83219,plane,1
09/11/1981,25194,helicopter,1
03/02/1981,65220,helicopter,0
06/03/1979,40263,helicopter,0
10/17/1983,47048,helicopter,1
01/19/1977,95480,plane,0
04/02/2015,91558,plane,0
11/05/1975,96504,helicopter,0
08/27/1981,88858,helicopter,0
08/19/1985,56952,plane,0
07/23/2004,96491,helicopter,0
06/16/1985,16235,plane,1
01/16/1990,63160,helicopter,1
06/16/1971,81075,plane,1
07/28/2012,85475,helicopter,0
06/20/1974,48869,plane,0
02/25/2011,60198,plane,1
10/08/1978,31228,plane,0
08/30/1970,13473,plane,0
08/26/1978,59919,plane,1
12/18/1982,19225,plane,0
05/14/1982,43651,plane,1
01/31/1997,32437,helicopter,1
09/30/2019,15088,plane,0
12/03/2015,67998,plane,1
06/24/1978,85542,helicopter,1
04/19/1983,53719,helicopter,1
06/02/1970,52070,helicopter,0
04/04/1981,86118,plane,0
11/30/2009,30859,helicopter,0
04/22/1991,73966,plane,0
11/07/1984,94029,plane,1
11/17/2002,29537,plane,1
07/03/1999,86491,plane,1
09/16/1971,40953,plane,0
08/31/2015,49381,plane,1
05/05/1976,54917,helicopter,0
04/24/2004,86817,helicopter,1
10/11/2016,14577,helicopter,0
09/26/2010,78485,plane,0
06/18/1992,22567,plane,0
09/19/1979,18928,plane,1
03/11/1977,56848,plane,1
11/30/1996,60375,plane,1
07/19/2016,21558,plane,1
04/24/1986,98606,plane,1
06/30/1980,47692,plane,1
07/12/1992,49938,plane,0
09/24/1989,61868,plane,0
04/19/1990,85430,plane,0
09/26/1994,97152,helicopter,1
10/22/1998,34071,helicopter,0
05/12/2008,86755,plane,1
05/15/1978,92770,helicopter,0
06/21/2002,18966,plane,0
12/17/2002,71147,plane,0
07/16/1970,85346,plane,0
11/23/2010,11936,plane,0
02/07/1991,99050,plane,1
03/31/1980,33930,helicopter,0
01/24/1981,85924,helicopter,0
05/11/1989,16912,helicopter,0
02/21/1993,81575,helicopter,1
07/06/1999,87207,plane,1
11/01/2018,49476,helicopter,1
07/28/1983,49131,plane,1
02/26/2017,34579,plane,0
10/10/2009,30306,plane,0
12/19/1994,30120,helicopter,0
03/01/1978,31059,plane,0
01/07/1998,38320,plane,0
09/02/1989,39396,plane,1
10/10/2016,49606,plane,1
08/03/1986,52842,helicopter,1
02/10/1998,87037,plane,0
11/24/1995,61641,helicopter,1
11/21/2017,42642,helicopter,1
03/09/2010,37900,helicopter,0
10/03/1991,99430,plane,1
05/20/2003,88549,plane,0
12/05/1991,95368,helicopter,0
01/18/1996,65107,helicopter,0
12/08/1985,93017,helicopter,0
01/08/2001,21713,helicopter,0
08/17/1998,86413,plane,0
06/17/1979,48489,plane,1
01/29/1983,11365,plane,1
05/01/1973,57435,helicopter,0
12/21/1974,23708,plane,1
06/15/1988,46136,plane,1
11/30/1973,21585,helicopter,1
09/19/1976,39735,plane,1
07/27/1990,20311,plane,1
11/15/2018,27614,plane,1
02/02/2010,27416,plane,0
10/27/1980,87038,plane,0
01/11/1972,53210,helicopter,1
07/15/2006,20045,plane,0
12/24/1981,29117,helicopter,1
03/04/1985,80411,plane,1
11/06/2007,43091,helicopter,1
11/30/1975,21947,plane,1
04/10/1973,21952,helicopter,1
04/20/1998,42744,plane,0
04/09/2014,84922,plane,0
01/15/1971,27109,plane,0
08/07/1987,45666,helicopter,0
08/28/1978,96664,plane,0
01/21/2017,89324,helicopter,1
02/13/2002,81682,helicopter,1
07/02/2003,58903,plane,1
04/20/1999,58978,helicopter,0
04/02/2018,66556,helicopter,0
07/24/2012,90923,helicopter,1
02/27/1999,22757,helicopter,1
09/15/1986,72617,helicopter,1
11/12/2001,32186,plane,0
12/03/1995,76538,plane,0
03/11/1970,55566,plane,1
03/19/1970,39824,helicopter,1
01/13/1986,18391,plane,1
12/01/2019,20343,plane,0
07/30/1979,20419,helicopter,1
10/26/1986,69755,plane,1
05/18/1979,62793,plane,0
07/10/1979,97016,plane,1
11/02/1972,91971,plane,0
08/04/2016,22652,plane,0
12/18/1981,34734,plane,0
11/20/1991,20478,plane,0
04/02/2019,67981,helicopter,1
08/05/1986,91982,plane,1
06/06/1980,20899,helicopter,1
06/23/1996,38605,helicopter,1
11/03/1978,16106,helicopter,0
10/26/1996,58060,helicopter,1
09/22/1973,82195,helicopter,0
08/25/1973,57236,plane,1
11/28/2012,36683,helicopter,0
09/01/2004,38199,helicopter,1
08/18/2000,71375,helicopter,1
10/30/1987,71651,helicopter,1
01/29/1984,73862,helicopter,1
02/05/1974,95828,helicopter,0
05/12/2009,73482,plane,0
01/05/1988,82857,plane,0
04/22/2013,92171,plane,0
09/13/2017,52315,helicopter,1
03/06/2002,88899,plane,1
09/09/2002,84384,helicopter,0
12/12/1984,61421,helicopter,1
05/01/1996,96550,helicopter,0
04/18/1983,14388,helicopter,0
08/19/1983,93132,plane,1
11/12/2003,90345,plane,0
02/19/1983,31424,helicopter,0
07/19/1988,74131,helicopter,1
11/30/1981,44664,plane,1
07/11/1994,23487,plane,1
02/06/1995,79009,helicopter,0
09/29/1982,81553,helicopter,1
01/28/1994,71472,helicopter,0
03/30/2003,55452,helicopter,0
08/24/1976,71837,plane,0
09/25/1996,35123,helicopter,0
09/25/1984,71888,plane,0
08/31/2012,26556,plane,0
11/09/1996,64565,plane,1
11/08/1999,54067,plane,1
09/21/1977,71926,helicopter,1
06/06/1974,79813,helicopter,0
01/07/2009,42368,helicopter,1
07/16/2009,15550,plane,0
01/22/1972,30602,helicopter,1
12/15/1991,99181,helicopter,0
04/26/1999,99593,helicopter,0
04/16/2019,87073,helicopter,1
02/23/1994,72356,helicopter,1
07/15/1999,71518,helicopter,1
02/24/2006,21948,plane,1
09/24/1993,66333,plane,0
04/05/1999,97420,plane,0
07/07/1991,29953,plane,1
10/09/2008,33155,helicopter,0
03/10/2011,78335,helicopter,1
04/04/1994,46522,plane,0
10/06/1977,85213,plane,0
10/23/2000,32134,plane,0
05/13/1986,12096,helicopter,1
05/20/1970,99351,plane,1
01/24/1987,42997,plane,1
06/24/1980,30876,plane,0
07/30/2004,29375,plane,1
05/16/1994,79387,plane,0
04/01/2003,57562,helicopter,0
11/16/1986,99442,plane,0
10/19/1986,99967,plane,0
10/10/2015,22983,plane,1
11/29/2010,57613,helicopter,1
11/18/2001,31953,plane,1
12/28/2017,76768,plane,0
06/23/1979,91852,plane,1
06/06/1984,49720,helicopter,1
11/16/2006,92863,helicopter,0
12/05/1981,47870,helicopter,1
04/08/1979,44318,helicopter,0
11/27/2004,36625,helicopter,1
06/14/1985,45854,plane,0
02/19/1980,23531,helicopter,1
01/19/2007,84922,plane,0
04/03/2015,56862,helicopter,1
03/14/2014,44655,plane,0
10/31/2002,88104,plane,1
08/15/1998,48507,helicopter,0
12/15/1992,78890,plane,0
04/23/1999,93242,plane,0
10/15/2018,61750,plane,1
09/30/2005,23953,plane,0
05/08/1980,11131,plane,0
09/07/2001,43444,plane,1
08/23/2017,60444,helicopter,1
03/09/2000,61887,plane,1
09/16/1972,33421,plane,0
04/16/2018,29307,helicopter,1
11/27/1998,30863,helicopter,0
08/10/1971,94330,plane,0
03/05/1997,23168,helicopter,1
05/07/1996,52267,helicopter,0
04/22/1991,56110,helicopter,0
06/10/1988,53963,plane,1
12/31/2005,67492,plane,1
01/30/2007,71759,helicopter,0
12/01/2019,87234,plane,1
03/16/1991,53124,helicopter,0
11/24/1992,61998,helicopter,1
06/11/2008,27259,helicopter,1
02/13/1975,85763,plane,0
04/27/2014,80131,plane,1
11/12/1992,54049,helicopter,1
05/29/1996,75796,plane,0
01/04/2001,47510,helicopter,0
07/09/2019,70469,plane,1
05/23/1980,14415,helicopter,1
10/28/2017,78972,plane,0
12/21/1992,25480,helicopter,1
06/30/2014,20187,plane,0
03/16/2015,88985,plane,1
03/05/2006,45913,helicopter,1
03/14/2018,60982,helicopter,1
01/04/1987,28857,helicopter,0
12/27/1997,25697,plane,0
09/20/1984,62533,helicopter,0
03/15/1994,80758,plane,1
05/04/1996,12364,plane,0
10/02/1986,81685,plane,1
10/22/2002,47947,helicopter,0
09/23/1983,48638,helicopter,1
07/13/1980,33536,helicopter,0
11/30/2015,30747,plane,1
08/26/1994,82142,plane,1
01/16/1991,23503,helicopter,1
10/29/1977,30991,plane,1
08/30/2008,96005,plane,0
03/08/1994,48390,helicopter,0
11/10/1992,19818,helicopter,0
04/20/1982,21985,plane,1
08/10/2010,79700,plane,1
11/03/1990,81347,helicopter,0
02/07/1975,34148,helicopter,0
02/10/2018,79091,plane,0
11/15/2000,88669,plane,0
04/01/1978,49120,helicopter,0
06/10/1991,40960,helicopter,1
02/12/1982,50112,plane,0
01/03/1975,11755,helicopter,0
05/20/2007,18531,plane,1
03/07/2011,54428,helicopter,0
05/29/2009,15597,plane,1
05/05/1978,66361,helicopter,1
01/03/2012,66989,plane,1
09/26/2007,78557,helicopter,1
01/15/1977,43613,plane,1
03/16/2007,32934,plane,1
05/23/1970,81080,helicopter,0
01/14/1985,64427,plane,0
10/17/1994,90774,plane,0
05/21/2001,89501,plane,1
11/15/2002,21980,helicopter,0
02/09/2003,94728,plane,0
04/24/2007,15631,plane,1
03/18/2002,43479,plane,0
04/12/1994,29676,helicopter,0
01/16/2000,55504,helicopter,1
11/01/2019,89260,helicopter,1
02/28/1975,11822,helicopter,1
11/07/1991,68055,plane,0
01/24/2005,25703,plane,0
05/29/2016,85670,plane,0
01/15/1999,39358,helicopter,1
08/07/2010,56119,plane,0
05/31/1986,73286,helicopter,1
08/04/1993,88735,helicopter,0
02/21/2017,13306,plane,0
02/26/2009,82483,helicopter,1
05/21/2010,30727,plane,0
05/16/1984,16981,plane,0
06/02/2007,41456,helicopter,0
07/21/2017,57862,helicopter,0
09/20/2006,75333,helicopter,1
01/20/1976,76014,plane,0
03/16/2001,70386,plane,1
05/23/1989,85661,helicopter,0
04/01/1976,38279,helicopter,1
11/16/1991,61712,helicopter,0
09/27/2015,55627,plane,1
08/13/2004,77388,helicopter,1
07/27/2013,91762,plane,0
09/12/1999,26150,helicopter,0
09/25/2011,85956,helicopter,1
10/20/1996,81897,plane,0
04/28/1996,52046,helicopter,0
12/15/2019,56945,plane,0
02/12/2009,19387,helicopter,1
02/10/2013,90355,helicopter,0
08/09/1983,87017,helicopter,1
02/28/1995,93451,helicopter,0
03/10/2008,85453,helicopter,0
07/17/1971,12808,plane,0
02/23/2017,43730,plane,0
11/14/1990,81852,plane,1
03/08/2001,80491,helicopter,0
03/25/1982,73136,helicopter,1
03/12/1984,19720,plane,1
12/26/2013,78719,plane,0
11/30/1991,87112,plane,0
11/06/1986,92462,plane,1
07/04/1975,84950,helicopter,1
06/07/1985,28113,helicopter,1
08/26/2007,31405,helicopter,0
04/06/2005,68183,helicopter,0
03/03/1986,93004,helicopter,0
04/21/2014,50215,plane,0
02/18/1981,80052,helicopter,0
05/02/1985,68598,helicopter,1
03/06/1972,99442,helicopter,1
09/06/2016,93121,plane,1
06/12/2013,62773,helicopter,1
06/16/1999,81964,helicopter,1
11/05/1989,75194,helicopter,0
02/07/2000,66222,helicopter,0
12/19/1992,59212,helicopter,1
06/15/2015,44360,plane,0
12/08/2007,28149,helicopter,1
04/13/1998,57425,helicopter,0
12/03/1991,40630,helicopter,0
12/10/1978,95999,helicopter,0
01/15/1975,37316,plane,1
10/15/1990,29986,helicopter,1
09/13/2010,71456,plane,1
03/13/2014,91991,helicopter,0
08/28/1985,71152,plane,1
07/27/2016,18753,plane,0
08/23/1995,29922,helicopter,1
08/12/2007,57391,plane,1
02/24/2005,84530,helicopter,0
11/21/2006,78332,plane,0
07/31/2007,21873,plane,1
08/21/2015,83879,helicopter,0
08/26/1970,32629,plane,1
10/11/2002,12511,helicopter,0
09/12/2006,91289,helicopter,1
06/07/1972,40293,helicopter,1
03/24/1972,62642,plane,0
10/31/1979,55268,plane,1
10/30/1979,40503,plane,0
11/08/1976,81934,plane,0
12/23/1990,45733,plane,1
05/02/2013,82147,plane,0
12/03/1991,97370,plane,0
04/06/2004,48681,helicopter,1
03/28/1998,61618,helicopter,1
06/06/1980,84910,helicopter,1
08/11/2000,84509,plane,0
08/27/2007,55582,plane,0
03/17/1991,73876,helicopter,0
09/02/1997,47107,plane,1
01/15/1984,80619,helicopter,1
08/14/1989,50470,helicopter,1
08/18/1974,24861,helicopter,1
12/21/1992,89897,plane,0
12/11/2006,98058,plane,1
12/06/1982,93686,plane,1
06/26/1974,49884,plane,0
06/25/1999,15258,plane,0
01/06/2000,19253,plane,0
02/17/1986,36860,helicopter,0
10/10/2001,42377,plane,0
12/09/1970,81783,helicopter,1
10/28/1980,93504,helicopter,0
02/02/1985,88635,helicopter,1
01/01/1974,82977,helicopter,1
11/10/2012,79559,plane,0
10/15/1980,19007,plane,0
05/01/1979,61030,helicopter,1
08/07/1989,85199,plane,0
01/07/2002,23149,helicopter,0
11/04/2008,23151,helicopter,1
03/22/1972,81842,helicopter,1
07/22/1979,32182,plane,1
08/06/1978,28042,plane,0
06/13/1999,49264,plane,0
09/11/2009,67099,plane,1
02/11/2006,47424,helicopter,1
04/17/2005,75814,plane,1
12/15/1976,15398,helicopter,0
03/04/1973,75639,plane,1
06/08/1983,62360,helicopter,0
07/15/1982,51092,helicopter,0
07/10/2003,94850,helicopter,0
07/13/1977,64321,plane,0
09/19/2017,20275,plane,0
02/07/1991,33608,plane,1
12/03/1973,30861,plane,0
10/31/1988,29611,plane,0
12/21/1985,64043,plane,0
08/02/1977,32462,plane,0
04/26/2006,16848,plane,1
06/29/1976,31846,plane,1
09/09/1977,76381,helicopter,1
06/06/1972,69136,plane,1
